Data,Parity,File Size,Mean Time Taken
18,2,100.0,0.6209395408630372seconds
27,3,100.0,0.5333043098449707seconds
18,2,200.0,0.9324531078338623seconds
27,3,200.0,0.8836702346801758seconds
18,2,500.0,1.46114182472229seconds
27,3,500.0,1.3162840366363526seconds
18,2,762.939453125,1.8658646106719972seconds
27,3,762.939453125,1.882797908782959seconds
