Data,Parity,File Size,Mean Time Taken
2,24,100.0,2.367618274688721seconds

2,24,200.0,3.45514178276062seconds

2,24,500.0,7.538675975799561seconds

2,24,762.939453125,10.755307054519653seconds
