Data,Parity,File Size,Mean Time Taken
8,18,100.0,1.1041526794433594seconds
12,27,100.0,1.0215723514556885seconds
8,18,200.0,1.3542238235473634seconds
12,27,200.0,1.836142349243164seconds
8,18,500.0,2.4216322898864746seconds
12,27,500.0,2.5759899616241455seconds
8,18,762.939453125,3.310276460647583seconds
12,27,762.939453125,3.387651252746582seconds
