Data,Parity,File Size,Mean Time Taken
2,22,100.0,1.9594454765319824seconds
3,33,100.0,2.094906234741211seconds

2,22,200.0,3.1587968349456785seconds
3,33,200.0,3.215469408035278seconds

2,22,500.0,6.8029602527618405seconds
3,33,500.0,7.115077972412109seconds

2,22,762.939453125,9.767894792556763seconds
3,33,762.939453125,9.901001691818237seconds
