Data,Parity,File Size,Mean Time Taken
20,6,100.0,0.6493237495422364seconds
30,9,100.0,0.5920880794525146seconds
20,6,200.0,0.9717439651489258seconds
30,9,200.0,0.9454908847808838seconds
20,6,500.0,1.5031145572662354seconds
30,9,500.0,1.5869880199432373seconds
20,6,762.939453125,1.7173367977142333seconds
30,9,762.939453125,1.9666380882263184seconds
