Data,Parity,File Size,Mean Time Taken
18,9,100.0,0.6241895675659179seconds
24,12,100.0,0.609084939956665seconds
18,9,200.0,1.0790652275085448seconds
24,12,200.0,0.9660668849945069seconds
18,9,500.0,1.4462191581726074seconds
24,12,500.0,1.6464141368865968seconds
18,9,762.939453125,2.0719338417053224seconds
24,12,762.939453125,2.0511558055877686seconds
