Data,Parity,File Size,Mean Time Taken
24,6,100.0,0.6460619449615479seconds
24,6,200.0,0.9120919227600097seconds
24,6,500.0,1.3989428520202636seconds
24,6,762.939453125,1.8327961444854737seconds
