Data,Parity,File Size,Mean Time Taken
1,9,100.0,1.6351150751113892seconds
1,9,200.0,2.5795071125030518seconds

1,9,500.0,5.6410061597824095seconds
1,9,762.939453125,8.663193297386169seconds
