Data,Parity,File Size,Mean Time Taken
2,28,100.0,2.4088584423065185seconds
2,28,200.0,3.935276412963867seconds
2,28,500.0,8.304135942459107seconds
2,28,762.939453125,12.4716206073761seconds
