Data,Parity,File Size,Mean Time Taken
14,2,100.0,0.6167086362838745seconds
28,4,100.0,0.5452194690704346seconds
14,2,200.0,0.8197690963745117seconds
28,4,200.0,0.8842193603515625seconds
14,2,500.0,1.3923824548721313seconds
28,4,500.0,1.364632511138916seconds
14,2,762.939453125,2.002471947669983seconds
28,4,762.939453125,1.8792244911193847seconds
