Data,Parity,File Size,Mean Time Taken
18,4,100.0,1.23402681350708seconds
27,6,100.0,1.5673173427581788seconds
18,4,200.0,3.1900116920471193seconds
27,6,200.0,5.710668420791626seconds
18,4,500.0,2.767482614517212seconds
27,6,500.0,5.468901586532593seconds
18,4,762.939453125,2.677274227142334seconds
27,6,762.939453125,2.224774694442749seconds
