Data,Parity,File Size,Mean Time Taken
26,8,100.0,0.5864904880523681seconds
26,8,200.0,0.9292098999023437seconds
26,8,500.0,1.502931833267212seconds
26,8,762.939453125,1.9048024654388427seconds
