Data,Parity,File Size,Mean Time Taken
28,6,100.0,0.5873240947723388seconds
28,6,200.0,0.9094114303588867seconds
28,6,500.0,1.4390186309814452seconds
28,6,762.939453125,1.8479215621948242seconds
