Data,Parity,File Size,Mean Time Taken
1,15,100.0,2.628503680229187seconds
2,30,100.0,2.8429166316986083seconds

1,15,200.0,5.0240497350692745seconds
2,30,200.0,3.9843903541564942seconds

1,15,500.0,10.754799103736877seconds
2,30,500.0,8.857512760162354seconds

1,15,762.939453125,16.26707088947296seconds
2,30,762.939453125,13.11614031791687seconds
