Data,Parity,File Size,Mean Time Taken
22,4,100.0,1.2555896759033203seconds
22,4,200.0,3.687905788421631seconds
22,4,500.0,2.6638696670532225seconds
22,4,762.939453125,1.8372053623199462seconds
