Data,Parity,File Size,Mean Time Taken
18,8,100.0,0.6609110832214355seconds
27,12,100.0,0.6507577419281005seconds
18,8,200.0,1.0406685829162599seconds
27,12,200.0,0.9548494338989257seconds
18,8,500.0,1.4516728401184082seconds
27,12,500.0,1.6600461959838868seconds
18,8,762.939453125,1.9670354843139648seconds
27,12,762.939453125,2.060433578491211seconds
