Data,Parity,File Size,Mean Time Taken
2,26,100.0,2.134128761291504seconds
2,26,200.0,3.704943799972534seconds
2,26,500.0,7.724729204177857seconds
2,26,762.939453125,11.091873979568481seconds
