Data,Parity,File Size,Mean Time Taken
8,24,100.0,1.296514368057251seconds
8,24,200.0,1.6714295864105224seconds
8,24,500.0,2.831405687332153seconds
8,24,762.939453125,3.932653474807739seconds
