Data,Parity,File Size,Mean Time Taken
18,6,100.0,0.6204463481903076seconds
27,9,100.0,0.618949556350708seconds
18,6,200.0,1.0632539749145509seconds
27,9,200.0,0.9759292125701904seconds
18,6,500.0,1.4669176578521728seconds
27,9,500.0,1.5429376125335694seconds
18,6,762.939453125,1.8342360496520995seconds
27,9,762.939453125,2.0410866260528566seconds
