Data,Parity,File Size,Mean Time Taken
26,2,100.0,0.9671658992767334seconds
26,2,200.0,2.3785735607147216seconds
26,2,500.0,2.111584997177124seconds
26,2,762.939453125,1.618337869644165seconds
