Data,Parity,File Size,Mean Time Taken
1,12,100.0,1.898200511932373seconds
1,12,200.0,3.3569154262542726seconds
1,12,500.0,7.237774062156677seconds
1,12,762.939453125,10.455418586730957seconds
