Data,Parity,File Size,Mean Time Taken
8,16,100.0,1.0327290058135987seconds
12,24,100.0,1.019192886352539seconds
8,16,200.0,1.361603307723999seconds
12,24,200.0,1.498058557510376seconds
8,16,500.0,2.2018079280853273seconds
12,24,500.0,2.43612003326416seconds
8,16,762.939453125,3.0392473697662354seconds
12,24,762.939453125,3.1499603748321534seconds
