Data,Parity,File Size,Mean Time Taken
24,8,100.0,0.5969634532928467seconds
24,8,200.0,0.9504357814788819seconds
24,8,500.0,1.4871947288513183seconds
24,8,762.939453125,1.9085664749145508seconds
