Data,Parity,File Size,Mean Time Taken
16,4,100.0,1.8101070880889893seconds
24,6,100.0,1.7433870792388917seconds
16,4,200.0,4.489594030380249seconds
24,6,200.0,6.002073478698731seconds
16,4,500.0,3.44325704574585seconds
24,6,500.0,5.547336530685425seconds
16,4,762.939453125,3.5187235832214356seconds
24,6,762.939453125,1.911876392364502seconds
