Data,Parity,File Size,Mean Time Taken
24,4,100.0,0.5718958854675293seconds
24,4,200.0,1.5744193553924561seconds
24,4,500.0,1.7835450172424316seconds
24,4,762.939453125,1.7718960762023925seconds
