Data,Parity,File Size,Mean Time Taken
5,1,100.0,0.5567729949951172seconds
10,2,100.0,0.6484426856040955seconds
5,1,200.0,1.2655147075653077seconds
10,2,200.0,0.7469959259033203seconds
5,1,500.0,1.657562255859375seconds
10,2,500.0,1.2797151406606038seconds
5,1,762.939453125,1.992300772666931seconds
10,2,762.939453125,2.756616532802582seconds
