Data,Parity,File Size,Mean Time Taken
22,6,100.0,0.5728274345397949seconds
22,6,200.0,0.9632719993591309seconds
22,6,500.0,1.4555418491363525seconds
22,6,762.939453125,1.9000761032104492seconds
