Data,Parity,File Size,Mean Time Taken
26,4,100.0,0.7136611938476562seconds
26,4,200.0,1.811364221572876seconds
26,4,500.0,3.9280933856964113seconds
26,4,762.939453125,1.7460562229156493seconds
