Data,Parity,File Size,Mean Time Taken
20,8,100.0,0.6824636459350586seconds
20,8,200.0,1.0191524028778076seconds
20,8,500.0,1.654899787902832seconds
20,8,762.939453125,1.8387994766235352seconds
