Data,Parity,File Size,Mean Time Taken
6,1,100.0,0.5487254619598388seconds
6,1,200.0,0.8807535409927368seconds
6,1,500.0,1.717565107345581seconds
6,1,762.939453125,1.8211109638214111seconds
