Data,Parity,File Size,Mean Time Taken
20,2,100.0,0.5980038642883301seconds
30,3,100.0,0.5528744220733642seconds
20,2,200.0,0.9870213985443115seconds
30,3,200.0,0.8849398612976074seconds
20,2,500.0,1.4128890991210938seconds
30,3,500.0,1.3878727912902833seconds
20,2,762.939453125,1.697682523727417seconds
30,3,762.939453125,1.6883448600769042seconds
