Data,Parity,File Size,Mean Time Taken
8,22,100.0,1.1681068897247315seconds
8,22,200.0,1.5340975761413573seconds
8,22,500.0,2.661574459075928seconds
8,22,762.939453125,3.6836020946502686seconds
