Data,Parity,File Size,Mean Time Taken
8,14,100.0,0.9588490962982178seconds
12,21,100.0,0.9082387924194336seconds
8,14,200.0,1.3359134197235107seconds
12,21,200.0,1.3791202068328858seconds
8,14,500.0,2.043290901184082seconds
12,21,500.0,2.269220209121704seconds
8,14,762.939453125,2.7838077545166016seconds
12,21,762.939453125,2.9079718589782715seconds
