Data,Parity,File Size,Mean Time Taken
2,20,100.0,1.8676408767700194seconds
3,30,100.0,2.035371780395508seconds

2,20,200.0,2.933154296875seconds
3,30,200.0,3.00520396232605seconds

2,20,500.0,6.493161296844482seconds
3,30,500.0,6.326815605163574seconds

2,20,762.939453125,8.92377691268921seconds
3,30,762.939453125,9.065870332717896seconds
