Data,Parity,File Size,Mean Time Taken
16,6,100.0,0.6895076274871826seconds
24,9,100.0,0.6059763908386231seconds
16,6,200.0,0.9825615406036377seconds
24,9,200.0,0.9388339519500732seconds
16,6,500.0,1.5265989303588867seconds
24,9,500.0,1.5134809970855714seconds
16,6,762.939453125,1.9636199951171875seconds
24,9,762.939453125,1.9273655891418457seconds
