Data,Parity,File Size,Mean Time Taken
15,12,100.0,0.6968288421630859seconds
20,16,100.0,0.7693775177001954seconds
15,12,200.0,1.0696885108947753seconds
20,16,200.0,1.2205861568450929seconds
15,12,500.0,1.638564395904541seconds
20,16,500.0,1.8503190994262695seconds
15,12,762.939453125,2.3046227931976317seconds
20,16,762.939453125,2.3156545162200928seconds
