Data,Parity,File Size,Mean Time Taken
3,24,100.0,1.6485142707824707seconds
4,32,100.0,1.9758195400238037seconds


3,24,200.0,2.9069149494171143seconds
4,32,200.0,2.7146005153656008seconds


3,24,500.0,5.313741540908813seconds
4,32,500.0,5.2963038921356205seconds


3,24,762.939453125,7.512373256683349seconds
4,32,762.939453125,7.844519805908203seconds
