Data,Parity,File Size,Mean Time Taken
2,18,100.0,1.8849444389343262seconds
3,27,100.0,1.8816282749176025seconds

2,18,200.0,2.7941637516021727seconds
3,27,200.0,2.76009578704834seconds

2,18,500.0,5.865497255325318seconds
3,27,500.0,6.0894755840301515seconds

2,18,762.939453125,8.829641437530517seconds
3,27,762.939453125,8.41444640159607seconds
