Data,Parity,File Size,Mean Time Taken
24,2,100.0,0.7214321613311767seconds
24,2,200.0,0.849907398223877seconds
24,2,500.0,1.395354700088501seconds
24,2,762.939453125,1.7014559745788573seconds
