Data,Parity,File Size,Mean Time Taken
12,15,100.0,0.8622382640838623seconds
16,20,100.0,0.8629558086395264seconds
12,15,200.0,1.194225835800171seconds
16,20,200.0,1.4120682239532472seconds
12,15,500.0,1.8684011459350587seconds
16,20,500.0,2.074482774734497seconds
12,15,762.939453125,2.575836753845215seconds
16,20,762.939453125,2.6515174388885496seconds
