Data,Parity,File Size,Mean Time Taken
28,8,100.0,0.6108226299285888seconds
28,8,200.0,0.9429483890533448seconds
28,8,500.0,1.5394168853759767seconds
28,8,762.939453125,1.9347263336181642seconds
