Data,Parity,File Size,Mean Time Taken
8,20,100.0,1.098159122467041seconds
8,20,200.0,1.6477015018463135seconds
8,20,500.0,2.451017236709595seconds
8,20,762.939453125,3.4642239093780516seconds
