Data,Parity,File Size,Mean Time Taken
1,8,100.0,1.6547236442565918seconds
1,8,200.0,2.66874520778656seconds


1,8,500.0,6.000725293159485seconds
1,8,762.939453125,8.40919246673584seconds
