Data,Parity,File Size,Mean Time Taken
26,6,100.0,0.6095276832580566seconds
26,6,200.0,0.9352232456207276seconds
26,6,500.0,1.4333326816558838seconds
26,6,762.939453125,1.7900702953338623seconds
