Data,Parity,File Size,Mean Time Taken
16,8,100.0,0.6912572383880615seconds
24,12,100.0,0.6205580234527588seconds
16,8,200.0,1.0601195335388183seconds
24,12,200.0,1.052134895324707seconds
16,8,500.0,1.5078139305114746seconds
24,12,500.0,1.677386474609375seconds
16,8,762.939453125,1.954126501083374seconds
24,12,762.939453125,2.049888753890991seconds
