Data,Parity,File Size,Mean Time Taken
8,26,100.0,1.3318158626556396seconds
8,26,200.0,1.7219605922698975seconds
8,26,500.0,2.9480910301208496seconds
8,26,762.939453125,4.1598295211792seconds
