Data,Parity,File Size,Mean Time Taken
28,2,100.0,0.6479712963104248seconds
28,2,200.0,1.8355392456054687seconds
28,2,500.0,2.2091523170471192seconds
28,2,762.939453125,1.6480493545532227seconds
