Data,Parity,File Size,Mean Time Taken
8,1,100.0,0.6161460195268903seconds
8,1,200.0,0.7861440862928119seconds
8,1,500.0,1.4295738765171595seconds
8,1,762.939453125,1.7136478764670235seconds
