Data,Parity,File Size,Mean Time Taken
22,8,100.0,0.6400418281555176seconds
22,8,200.0,0.9496015548706055seconds
22,8,500.0,1.4963300704956055seconds
22,8,762.939453125,1.9420689582824706seconds
