Data,Parity,File Size,Mean Time Taken
1,6,100.0,1.6028589725494384seconds
2,12,100.0,1.219359827041626seconds

1,6,200.0,2.6289454460144044seconds
2,12,200.0,1.8895232200622558seconds

1,6,500.0,5.412929129600525seconds
2,12,500.0,3.9873695850372313seconds


1,6,762.939453125,8.617567539215088seconds
2,12,762.939453125,6.193915939331054seconds
