Data,Parity,File Size,Mean Time Taken
22,2,100.0,0.5269877910614014seconds
33,3,100.0,0.5427266597747803seconds
22,2,200.0,0.8578874111175537seconds
33,3,200.0,0.8364487648010254seconds
22,2,500.0,1.397240686416626seconds
33,3,500.0,1.3978115558624267seconds
22,2,762.939453125,1.8126373291015625seconds
33,3,762.939453125,1.9111953735351563seconds
