Data,Parity,File Size,Mean Time Taken
1,11,100.0,1.7181826114654541seconds

1,11,200.0,3.1701616287231444seconds

1,11,500.0,6.446670436859131seconds

1,11,762.939453125,10.191207981109619seconds
