Data,Parity,File Size,Mean Time Taken
14,8,100.0,0.6404859066009522seconds
21,12,100.0,0.6279159545898437seconds
14,8,200.0,0.9741868495941162seconds
21,12,200.0,1.0457956790924072seconds
14,8,500.0,1.505086898803711seconds
21,12,500.0,1.674290370941162seconds
14,8,762.939453125,2.2430111885070803seconds
21,12,762.939453125,2.1281299591064453seconds
