Data,Parity,File Size,Mean Time Taken
1,5,100.0,1.6782710313796998seconds
2,10,100.0,1.0632145881652832seconds


1,5,200.0,2.570632243156433seconds
2,10,200.0,1.6925426959991454seconds


1,5,500.0,5.4844826857248945seconds
2,10,500.0,3.3932769775390623seconds


1,5,762.939453125,8.082777333259582seconds
2,10,762.939453125,5.138161706924438seconds
