Data,Parity,File Size,Mean Time Taken
1,7,100.0,1.8538300752639771seconds
2,14,100.0,1.328890085220337seconds


1,7,200.0,2.7408013343811035seconds
2,14,200.0,2.114065074920654seconds

1,7,500.0,5.557160210609436seconds
2,14,500.0,4.488317346572876seconds


1,7,762.939453125,8.28516490459442seconds
2,14,762.939453125,6.67641019821167seconds
