Data,Parity,File Size,Mean Time Taken
7,1,100.0,0.5315526591406928seconds
14,2,100.0,0.6231008529663086seconds
7,1,200.0,1.0765654510921903seconds
14,2,200.0,0.7692379951477051seconds
7,1,500.0,1.5352145036061604seconds
14,2,500.0,1.2612568855285644seconds
7,1,762.939453125,1.6471562385559082seconds
14,2,762.939453125,1.5618152618408203seconds
