Data,Parity,File Size,Mean Time Taken
1,10,100.0,1.6320883274078368seconds

1,10,200.0,2.747075581550598seconds

1,10,500.0,6.278384947776795seconds

1,10,762.939453125,9.047928285598754seconds
