Data,Parity,File Size,Mean Time Taken
9,1,100.0,0.5976108610630035seconds
9,1,200.0,0.7157708406448364seconds
9,1,500.0,1.3828313052654266seconds
9,1,762.939453125,1.7150905397203233seconds
