Data,Parity,File Size,Mean Time Taken
24,3,100.0,0.71849684715271seconds
32,4,100.0,0.7844622611999512seconds
24,3,200.0,1.3139997959136962seconds
32,4,200.0,1.3002615451812745seconds
24,3,500.0,2.1339581489562987seconds
32,4,500.0,2.3291024684906008seconds
24,3,762.939453125,2.968343162536621seconds
32,4,762.939453125,3.241677236557007seconds
