Data,Parity,File Size,Mean Time Taken
24,2,100.0,0.6299844264984131seconds
36,3,100.0,0.6902313232421875seconds
24,2,200.0,1.1961288928985596seconds
36,3,200.0,1.191542625427246seconds
24,2,500.0,1.8903274059295654seconds
36,3,500.0,2.4203052043914797seconds
24,2,762.939453125,2.596378040313721seconds
36,3,762.939453125,2.972698450088501seconds
