Data,Parity,File Size,Mean Time Taken
1,8,100.0,1.6284419059753419seconds
2,16,100.0,1.598511552810669seconds
1,8,200.0,2.62207088470459seconds
2,16,200.0,2.5181400299072267seconds
1,8,500.0,6.07821216583252seconds
2,16,500.0,5.717716836929322seconds
1,8,762.939453125,8.945712113380432seconds
2,16,762.939453125,7.73690094947815seconds
