Data,Parity,File Size,Mean Time Taken
12,1,100.0,0.7077623128890991seconds
12,1,200.0,1.0335940361022948seconds
12,1,500.0,1.9302419424057007seconds
12,1,762.939453125,2.807343292236328seconds
