Data,Parity,File Size,Mean Time Taken
1,10,100.0,1.6592963695526124seconds
1,10,200.0,2.9565619230270386seconds
1,10,500.0,6.765855383872986seconds
1,10,762.939453125,9.78580174446106seconds
