Data,Parity,File Size,Mean Time Taken
28,2,100.0,0.6740392684936524seconds
28,2,200.0,1.086867904663086seconds
28,2,500.0,2.0036049365997313seconds
28,2,762.939453125,2.793375778198242seconds
