Data,Parity,File Size,Mean Time Taken
19,1,100.0,0.6862898588180542seconds
38,2,100.0,0.7093324184417724seconds
19,1,200.0,1.2296009063720703seconds
38,2,200.0,1.2078893661499024seconds
19,1,500.0,2.049762010574341seconds
38,2,500.0,2.479219341278076seconds
19,1,762.939453125,2.816023063659668seconds
38,2,762.939453125,3.1135571956634522seconds
