Data,Parity,File Size,Mean Time Taken
17,1,100.0,0.6986764669418335seconds
17,1,200.0,1.1745490550994873seconds
17,1,500.0,1.974930191040039seconds
17,1,762.939453125,2.755832076072693seconds
