Data,Parity,File Size,Mean Time Taken
32,2,100.0,0.7694628238677979seconds
32,2,200.0,1.2600510597229004seconds
32,2,500.0,2.219290351867676seconds
32,2,762.939453125,3.098178243637085seconds
