Data,Parity,File Size,Mean Time Taken
6,1,100.0,0.6767451524734497seconds
12,2,100.0,0.7120144367218018seconds
6,1,200.0,1.002348494529724seconds
12,2,200.0,1.0711710929870606seconds
6,1,500.0,1.9453526496887208seconds
12,2,500.0,1.9809728145599366seconds
6,1,762.939453125,2.816568613052368seconds
12,2,762.939453125,2.8093791961669923seconds
