Data,Parity,File Size,Mean Time Taken
14,1,100.0,0.7066203832626343seconds
14,1,200.0,1.1290741443634034seconds
14,1,500.0,1.972633695602417seconds
14,1,762.939453125,2.717659020423889seconds
