Data,Parity,File Size,Mean Time Taken
1,12,100.0,2.095363211631775seconds
1,12,200.0,3.4039582014083862seconds
1,12,500.0,7.700842714309692seconds
1,12,762.939453125,11.690399527549744seconds
