Data,Parity,File Size,Mean Time Taken
3,24,100.0,1.8763021945953369seconds
4,32,100.0,1.8958325386047363seconds
3,24,200.0,2.686068630218506seconds
4,32,200.0,2.8904778480529787seconds
3,24,500.0,5.533700704574585seconds
4,32,500.0,5.516750955581665seconds
3,24,762.939453125,7.849741840362549seconds
4,32,762.939453125,8.058060884475708seconds
