Data,Parity,File Size,Mean Time Taken
10,1,100.0,0.7362645149230957seconds
10,1,200.0,1.0399136781692504seconds
10,1,500.0,1.9508245468139649seconds
10,1,762.939453125,2.703356981277466seconds
