Data,Parity,File Size,Mean Time Taken
13,1,100.0,0.7260507345199585seconds
13,1,200.0,1.0650840759277345seconds
13,1,500.0,1.9866739749908446seconds
13,1,762.939453125,2.770311713218689seconds
