Data,Parity,File Size,Mean Time Taken
7,1,100.0,0.6973988771438598seconds
14,2,100.0,0.697959566116333seconds
7,1,200.0,1.000685453414917seconds
14,2,200.0,1.134443426132202seconds
7,1,500.0,1.934937024116516seconds
14,2,500.0,2.0677254676818846seconds
7,1,762.939453125,2.7301671266555787seconds
14,2,762.939453125,2.7806694507598877seconds
