Data,Parity,File Size,Mean Time Taken
16,1,100.0,0.7589609861373902seconds
16,1,200.0,1.2181338548660279seconds
16,1,500.0,2.0248334884643553seconds
16,1,762.939453125,2.8469938039779663seconds
