Data,Parity,File Size,Mean Time Taken
18,1,100.0,0.7062869071960449seconds
18,1,200.0,1.1829084396362304seconds
18,1,500.0,2.0222952604293822seconds
18,1,762.939453125,2.724178600311279seconds
