Data,Parity,File Size,Mean Time Taken
26,2,100.0,0.6596976757049561seconds
26,2,200.0,1.1163753509521483seconds
26,2,500.0,2.0419756889343263seconds
26,2,762.939453125,2.7005064487457275seconds
