Data,Parity,File Size,Mean Time Taken
1,11,100.0,1.7881681442260742seconds
1,11,200.0,3.1106337785720823seconds
1,11,500.0,7.495108890533447seconds
1,11,762.939453125,10.439360809326171seconds
