Data,Parity,File Size,Mean Time Taken
1,13,100.0,2.075534796714783seconds
1,13,200.0,3.786825680732727seconds
1,13,500.0,7.958690929412842seconds
1,13,762.939453125,12.314659309387206seconds
