Data,Parity,File Size,Mean Time Taken
34,2,100.0,0.7110199928283691seconds
34,2,200.0,1.2013648986816405seconds
34,2,500.0,2.295664596557617seconds
34,2,762.939453125,3.106362152099609seconds
