Data,Parity,File Size,Mean Time Taken
9,1,100.0,0.7056021451950073seconds
18,2,100.0,0.7060241222381591seconds
9,1,200.0,1.0141440868377685seconds
18,2,200.0,1.2057519912719727seconds
9,1,500.0,1.874776291847229seconds
18,2,500.0,2.0093985557556153seconds
9,1,762.939453125,2.6877732276916504seconds
18,2,762.939453125,2.7928812980651854seconds
