Data,Parity,File Size,Mean Time Taken
11,1,100.0,0.7016005754470825seconds
11,1,200.0,0.971809196472168seconds
11,1,500.0,1.8989961624145508seconds
11,1,762.939453125,2.6875557899475098seconds
