Data,Parity,File Size,Mean Time Taken
1,15,100.0,2.2833037614822387seconds
1,15,200.0,4.141338539123535seconds
1,15,500.0,9.34857873916626seconds
1,15,762.939453125,14.197635102272034seconds
