Data,Parity,File Size,Mean Time Taken
36,2,100.0,0.7050198554992676seconds
36,2,200.0,1.2019703388214111seconds
36,2,500.0,2.4137332439422607seconds
36,2,762.939453125,3.1288644313812255seconds
