Data,Parity,File Size,Mean Time Taken
15,1,100.0,0.7063614130020142seconds
15,1,200.0,1.1218029499053954seconds
15,1,500.0,2.0136638641357423seconds
15,1,762.939453125,2.806784224510193seconds
