Data,Parity,File Size,Mean Time Taken
1,7,100.0,1.7015830993652343seconds
2,14,100.0,1.453437900543213seconds
1,7,200.0,2.6310991764068605seconds
2,14,200.0,2.261280584335327seconds
1,7,500.0,5.845752596855164seconds
2,14,500.0,4.900990104675293seconds
1,7,762.939453125,8.840171408653259seconds
2,14,762.939453125,6.998902320861816seconds
