Data,Parity,File Size,Mean Time Taken
22,2,100.0,0.5727158069610596seconds
33,3,100.0,1.6550189971923828seconds
22,2,200.0,1.118354892730713seconds
33,3,200.0,1.243134069442749seconds
22,2,500.0,1.899031639099121seconds
33,3,500.0,2.2484278202056887seconds
22,2,762.939453125,2.4684152126312258seconds
33,3,762.939453125,2.9354626178741454seconds
