Data,Parity,File Size,Mean Time Taken
1,14,100.0,2.3222316980361937seconds
1,14,200.0,3.9333128213882445seconds
1,14,500.0,8.724873542785645seconds
1,14,762.939453125,13.096945214271546seconds
