Data,Parity,File Size,Mean Time Taken
8,1,100.0,0.8479076862335205seconds
16,2,100.0,0.7841330528259277seconds
8,1,200.0,1.0624976396560668seconds
16,2,200.0,1.2489291191101075seconds
8,1,500.0,1.972497534751892seconds
16,2,500.0,2.0631294727325438seconds
8,1,762.939453125,2.7096617937088014seconds
16,2,762.939453125,2.858900451660156seconds
