Data,Parity,File Size,Mean Time Taken
1,16,100.0,2.52880973815918seconds
1,16,200.0,4.33518352508545seconds
1,16,500.0,9.486445450782776seconds
1,16,762.939453125,15.390954685211181seconds
