Data,Parity,File Size,Mean Time Taken
20,2,100.0,0.7326061248779296seconds
30,3,100.0,0.675420618057251seconds
20,2,200.0,1.1494512557983398seconds
30,3,200.0,1.1656785011291504seconds
20,2,500.0,1.9871677875518798seconds
30,3,500.0,2.1483725547790526seconds
20,2,762.939453125,2.4980469226837156seconds
30,3,762.939453125,2.958137273788452seconds
