Data,Parity,File Size,Mean Time Taken
1,6,100.0,1.7420503854751588seconds
2,12,100.0,1.2939218997955322seconds
1,6,200.0,2.6536741733551024seconds
2,12,200.0,2.0459733486175535seconds
1,6,500.0,5.803813881344265seconds
2,12,500.0,4.1937319278717045seconds
1,6,762.939453125,8.672223043441772seconds
2,12,762.939453125,6.177720403671264seconds
