Data,Parity,File Size,Mean Time Taken
1,9,100.0,1.799022340774536seconds
1,9,200.0,2.707053709030151seconds
1,9,500.0,6.034574174880982seconds
1,9,762.939453125,9.080508494377137seconds
