Data,Parity,File Size,Mean Time Taken
7,1,200.0,1.0711485743522644seconds
14,2,200.0,1.101627230644226seconds

7,1,400.0,1.8178240656852722seconds
14,2,400.0,1.6072607636451721seconds

7,1,500.0,1.9571385085582733seconds
14,2,500.0,2.0000782310962677seconds

7,1,800.0,2.941805124282837seconds
14,2,800.0,2.7435608506202698seconds

7,1,1024.0,3.5555071234703064seconds
14,2,1024.0,3.479711890220642seconds
