Data,Parity,File Size,Mean Time Taken
1,7,200.0,4.459474245707194seconds
1,7,400.0,8.461395104726156seconds
1,7,500.0,10.882010181744894seconds
1,7,800.0,17.145056168238323seconds
1,7,1024.0,21.61232304573059seconds
