Data,Parity,File Size,Mean Time Taken
1,6,200.0,6.801380316416423seconds
1,6,400.0,13.656266132990519seconds
1,6,500.0,18.100754141807556seconds
1,6,800.0,23.68706687291463seconds
1,6,1024.0,40.64897974332174seconds
