Data,Parity,File Size,Mean Time Taken
9,1,200.0,0.9850990772247314seconds
18,2,200.0,1.1184968948364258seconds

9,1,400.0,1.5557999014854431seconds
18,2,400.0,1.7563691139221191seconds

9,1,500.0,1.9025560021400452seconds
18,2,500.0,1.882240355014801seconds

9,1,800.0,2.7735670804977417seconds
18,2,800.0,2.8085466027259827seconds

9,1,1024.0,3.4574942588806152seconds
18,2,1024.0,3.3782206177711487seconds
