Data,Parity,File Size,Mean Time Taken
5,1,200.0,1.3429937958717346seconds
10,2,200.0,0.9979864358901978seconds

5,1,400.0,2.026500403881073seconds
10,2,400.0,1.6097667813301086seconds

5,1,500.0,2.4688527584075928seconds
10,2,500.0,1.941908746957779seconds

5,1,800.0,3.665112316608429seconds
10,2,800.0,2.816176474094391seconds

5,1,1024.0,4.709311246871948seconds
10,2,1024.0,3.664317548274994seconds
