Data,Parity,File Size,Mean Time Taken
8,1,200.0,1.196694791316986seconds
16,2,200.0,1.150110900402069seconds

8,1,400.0,1.6636605262756348seconds
16,2,400.0,1.7054458260536194seconds

8,1,500.0,1.9410266280174255seconds
16,2,500.0,1.931065708398819seconds

8,1,800.0,2.828899562358856seconds
16,2,800.0,2.8525257110595703seconds

8,1,1024.0,3.4248104095458984seconds
16,2,1024.0,3.449065148830414seconds
