Data,Parity,File Size,Mean Time Taken
2,24,200.0,3.4440858960151672seconds
3,36,200.0,3.4822617173194885seconds

2,24,400.0,5.788428485393524seconds
3,36,400.0,5.852126240730286seconds

2,24,500.0,7.320505440235138seconds
3,36,500.0,7.259299784898758seconds

2,24,800.0,10.856018662452698seconds
3,36,800.0,10.807250618934631seconds

2,24,1024.0,15.136742055416107seconds
3,36,1024.0,14.368865191936493seconds
