Data,Parity,File Size,Mean Time Taken
1,8,200.0,4.707564989725749seconds
1,8,400.0,8.698002179463705seconds
1,8,500.0,12.742851058642069seconds
1,8,800.0,17.459267616271973seconds
1,8,1024.0,22.010995705922443seconds
