Data,Parity,File Size,Mean Time Taken
6,1,200.0,1.0829467177391052seconds
12,2,200.0,1.0289558172225952seconds

6,1,400.0,1.7261300086975098seconds
12,2,400.0,1.6639214754104614seconds

6,1,500.0,2.1205912828445435seconds
12,2,500.0,2.1363973021507263seconds

6,1,800.0,3.261213183403015seconds
12,2,800.0,2.760597288608551seconds

6,1,1024.0,4.777285158634186seconds
12,2,1024.0,3.4761056900024414seconds
