Data,Parity,File Size,Mean Time Taken
1,2,200.0,0.0013683319091796875seconds
1,2,400.0,0.0013656139373779297seconds
1,2,500.0,0.0014423847198486329seconds
1,2,800.0,0.0013623714447021484seconds
1,2,1024.0,0.0014918327331542968seconds
