Data,Parity,File Size,Mean Time Taken
20,2,200.0,1.153039574623108seconds
30,3,200.0,1.111541211605072seconds

20,2,400.0,1.5957977175712585seconds
30,3,400.0,1.8847983479499817seconds

20,2,500.0,2.0492810010910034seconds
30,3,500.0,2.009576380252838seconds

20,2,800.0,2.817662537097931seconds
30,3,800.0,2.8941747546195984seconds

20,2,1024.0,3.4933210611343384seconds
30,3,1024.0,3.5036792159080505seconds
