Data,Parity,File Size,Mean Time Taken
2,22,200.0,3.2548020482063293seconds
3,33,200.0,3.1483928561210632seconds

2,22,400.0,6.460228085517883seconds
3,33,400.0,5.677099049091339seconds

2,22,500.0,7.508346229791641seconds
3,33,500.0,6.775182664394379seconds

2,22,800.0,10.225208759307861seconds
3,33,800.0,10.31850677728653seconds

2,22,1024.0,13.533525228500366seconds
3,33,1024.0,13.406197905540466seconds
