Data,Parity,File Size,Mean Time Taken
1,2,200.0,0.001188357671101888seconds
1,2,400.0,0.001119375228881836seconds
1,2,500.0,0.0011609395345052083seconds
1,2,800.0,0.0012001196543375652seconds
1,2,1024.0,0.0013662974039713542seconds
