Data,Parity,File Size,Mean Time Taken
24,3,100.0,0.7154190063476562seconds
32,4,100.0,0.7865861415863037seconds
24,3,200.0,1.2330508708953858seconds
32,4,200.0,1.3015491962432861seconds
24,3,500.0,2.219358539581299seconds
32,4,500.0,2.314933443069458seconds
24,3,762.939453125,2.931804895401001seconds
32,4,762.939453125,3.2404104709625243seconds
