Data,Parity,File Size,Mean Time Taken
1,9,200.0,4.572627226511638seconds
1,9,400.0,9.069565852483114seconds
1,9,500.0,12.091752211252848seconds
1,9,800.0,19.47784924507141seconds
1,9,1024.0,23.20441182454427seconds
